City,Jan,Feb,Mar,Apr,May,Jun,Jul,Aug,Sep,Oct,Nov,Dec
Reykjavik,-0.4793457,1.037073,2.090478,4.893548,5.902032,8.764948,10.51727,10.27001,6.998956,3.885675,3.610498,2.484918
Santiago,14.75677,15.59243,13.16317,10.29113,6.455896,1.531122,1.654565,3.520502,6.072687,6.721857,11.32895,12.66015
Sydney,23.20739,22.6654,21.91171,20.56933,15.67797,12.97531,12.82418,12.98724,14.88903,17.67816,19.78134,22.19671
Havana,20.99673,23.77703,22.37524,24.77865,24.9768,26.83322,27.85049,27.3933,27.19058,26.49029,25.00533,23.31976
Timbuktu,21.24587,25.54165,29.85293,33.20483,35.89431,35.88308,33.77602,30.58798,33.93725,33.09615,28.32308,21.51644
